Hour,Minute,Draw Amount
12,9,0.305291638785
12,32,0.296196
12,53,0.15795
12,55,0.34203
12,56,0.305179
